rung	family	lr	cell	step	tokens	val_loss
r2_small	adamw	1e-3	adamw_lr1e3	0	0	9.1547
r2_small	adamw	1e-3	adamw_lr1e3	50	12800	7.1302
r2_small	adamw	1e-3	adamw_lr1e3	100	25600	6.1363
r2_small	adamw	1e-3	adamw_lr1e3	150	38400	5.9665
r2_small	adamw	1e-3	adamw_lr1e3	200	51200	5.7481
r2_small	adamw	1e-3	adamw_lr1e3	250	64000	5.4963
r2_small	adamw	1e-3	adamw_lr1e3	300	76800	5.2494
r2_small	adamw	1e-3	adamw_lr1e3	350	89600	5.0524
r2_small	adamw	1e-3	adamw_lr1e3	400	102400	4.8992
r2_small	adamw	1e-3	adamw_lr1e3	450	115200	4.7742
r2_small	adamw	1e-3	adamw_lr1e3	500	128000	4.6696
r2_small	adamw	1e-3	adamw_lr1e3	550	140800	4.6064
r2_small	adamw	1e-3	adamw_lr1e3	600	153600	4.5579
r2_small	adamw	1e-3	adamw_lr1e3	650	166400	4.5189
r2_small	adamw	1e-3	adamw_lr1e3	700	179200	4.4787
r2_small	adamw	1e-3	adamw_lr1e3	750	192000	4.4427
r2_small	adamw	3e-3	adamw_lr3e3	0	0	9.1547
r2_small	adamw	3e-3	adamw_lr3e3	50	12800	6.3043
r2_small	adamw	3e-3	adamw_lr3e3	100	25600	6.2448
r2_small	adamw	3e-3	adamw_lr3e3	150	38400	6.0149
r2_small	adamw	3e-3	adamw_lr3e3	200	51200	5.9415
r2_small	adamw	3e-3	adamw_lr3e3	250	64000	5.9285
r2_small	adamw	3e-3	adamw_lr3e3	300	76800	5.8945
r2_small	adamw	3e-3	adamw_lr3e3	350	89600	6.0053
r2_small	adamw	3e-3	adamw_lr3e3	400	102400	6.0757
r2_small	adamw	3e-3	adamw_lr3e3	450	115200	5.8607
r2_small	adamw	3e-3	adamw_lr3e3	500	128000	5.8242
r2_small	adamw	3e-3	adamw_lr3e3	550	140800	5.7540
r2_small	adamw	3e-3	adamw_lr3e3	600	153600	5.7262
r2_small	adamw	3e-3	adamw_lr3e3	650	166400	5.6967
r2_small	adamw	3e-3	adamw_lr3e3	700	179200	5.6244
r2_small	adamw	3e-3	adamw_lr3e3	750	192000	5.5900
r2_small	adamw	3e-4	adamw_lr3e4	0	0	9.1547
r2_small	adamw	3e-4	adamw_lr3e4	50	12800	8.3774
r2_small	adamw	3e-4	adamw_lr3e4	100	25600	7.3344
r2_small	adamw	3e-4	adamw_lr3e4	150	38400	6.6249
r2_small	adamw	3e-4	adamw_lr3e4	200	51200	6.2046
r2_small	adamw	3e-4	adamw_lr3e4	250	64000	6.0411
r2_small	adamw	3e-4	adamw_lr3e4	300	76800	5.8859
r2_small	adamw	3e-4	adamw_lr3e4	350	89600	5.7521
r2_small	adamw	3e-4	adamw_lr3e4	400	102400	5.6410
r2_small	adamw	3e-4	adamw_lr3e4	450	115200	5.5317
r2_small	adamw	3e-4	adamw_lr3e4	500	128000	5.4401
r2_small	adamw	3e-4	adamw_lr3e4	550	140800	5.3731
r2_small	adamw	3e-4	adamw_lr3e4	600	153600	5.3125
r2_small	adamw	3e-4	adamw_lr3e4	650	166400	5.2736
r2_small	adamw	3e-4	adamw_lr3e4	700	179200	5.2380
r2_small	adamw	3e-4	adamw_lr3e4	750	192000	5.2146
r2_small	mhc2	1e-2	mhc2_lr1e2	0	0	9.1549
r2_small	mhc2	1e-2	mhc2_lr1e2	50	12800	5.9870
r2_small	mhc2	1e-2	mhc2_lr1e2	100	25600	4.8988
r2_small	mhc2	1e-2	mhc2_lr1e2	150	38400	4.7233
r2_small	mhc2	1e-2	mhc2_lr1e2	200	51200	4.5379
r2_small	mhc2	1e-2	mhc2_lr1e2	250	64000	4.3565
r2_small	mhc2	1e-2	mhc2_lr1e2	300	76800	4.2896
r2_small	mhc2	1e-2	mhc2_lr1e2	350	89600	4.1345
r2_small	mhc2	1e-2	mhc2_lr1e2	400	102400	4.0687
r2_small	mhc2	1e-2	mhc2_lr1e2	450	115200	3.9682
r2_small	mhc2	1e-2	mhc2_lr1e2	500	128000	3.8769
r2_small	mhc2	1e-2	mhc2_lr1e2	550	140800	3.8001
r2_small	mhc2	1e-2	mhc2_lr1e2	600	153600	3.7311
r2_small	mhc2	1e-2	mhc2_lr1e2	650	166400	3.7052
r2_small	mhc2	1e-2	mhc2_lr1e2	700	179200	3.6397
r2_small	mhc2	1e-2	mhc2_lr1e2	750	192000	3.5900
r2_small	mhc2	3e-2	mhc2_lr3e2	0	0	9.1549
r2_small	mhc2	3e-2	mhc2_lr3e2	50	12800	6.2372
r2_small	mhc2	3e-2	mhc2_lr3e2	100	25600	5.2834
r2_small	mhc2	3e-2	mhc2_lr3e2	150	38400	5.0267
r2_small	mhc2	3e-2	mhc2_lr3e2	200	51200	4.8722
r2_small	mhc2	3e-2	mhc2_lr3e2	250	64000	5.1898
r2_small	mhc2	3e-2	mhc2_lr3e2	300	76800	4.6325
r2_small	mhc2	3e-2	mhc2_lr3e2	350	89600	4.6129
r2_small	mhc2	3e-2	mhc2_lr3e2	400	102400	4.5357
r2_small	mhc2	3e-2	mhc2_lr3e2	450	115200	4.4600
r2_small	mhc2	3e-2	mhc2_lr3e2	500	128000	4.3963
r2_small	mhc2	3e-2	mhc2_lr3e2	550	140800	4.3684
r2_small	mhc2	3e-2	mhc2_lr3e2	600	153600	4.2724
r2_small	mhc2	3e-2	mhc2_lr3e2	650	166400	4.2723
r2_small	mhc2	3e-2	mhc2_lr3e2	700	179200	4.1860
r2_small	mhc2	3e-2	mhc2_lr3e2	750	192000	4.1434
r2_small	mhc2	3e-3	mhc2_lr3e3	0	0	9.1549
r2_small	mhc2	3e-3	mhc2_lr3e3	50	12800	6.1712
r2_small	mhc2	3e-3	mhc2_lr3e3	100	25600	5.2253
r2_small	mhc2	3e-3	mhc2_lr3e3	150	38400	4.7272
r2_small	mhc2	3e-3	mhc2_lr3e3	200	51200	4.4901
r2_small	mhc2	3e-3	mhc2_lr3e3	250	64000	4.3646
r2_small	mhc2	3e-3	mhc2_lr3e3	300	76800	4.2161
r2_small	mhc2	3e-3	mhc2_lr3e3	350	89600	4.1247
r2_small	mhc2	3e-3	mhc2_lr3e3	400	102400	4.0466
r2_small	mhc2	3e-3	mhc2_lr3e3	450	115200	3.9967
r2_small	mhc2	3e-3	mhc2_lr3e3	500	128000	3.9016
r2_small	mhc2	3e-3	mhc2_lr3e3	550	140800	3.8653
r2_small	mhc2	3e-3	mhc2_lr3e3	600	153600	3.8204
r2_small	mhc2	3e-3	mhc2_lr3e3	650	166400	3.7848
r2_small	mhc2	3e-3	mhc2_lr3e3	700	179200	3.7443
r2_small	mhc2	3e-3	mhc2_lr3e3	750	192000	3.7081
r2_small	mhc4	1e-2	mhc4_lr1e2	0	0	9.1550
r2_small	mhc4	1e-2	mhc4_lr1e2	50	12800	5.7496
r2_small	mhc4	1e-2	mhc4_lr1e2	100	25600	4.8439
r2_small	mhc4	1e-2	mhc4_lr1e2	150	38400	4.6839
r2_small	mhc4	1e-2	mhc4_lr1e2	200	51200	4.5123
r2_small	mhc4	1e-2	mhc4_lr1e2	250	64000	4.3326
r2_small	mhc4	1e-2	mhc4_lr1e2	300	76800	4.2254
r2_small	mhc4	1e-2	mhc4_lr1e2	350	89600	4.1483
r2_small	mhc4	1e-2	mhc4_lr1e2	400	102400	4.0456
r2_small	mhc4	1e-2	mhc4_lr1e2	450	115200	3.9923
r2_small	mhc4	1e-2	mhc4_lr1e2	500	128000	3.8804
r2_small	mhc4	1e-2	mhc4_lr1e2	550	140800	3.8072
r2_small	mhc4	1e-2	mhc4_lr1e2	600	153600	3.7434
r2_small	mhc4	1e-2	mhc4_lr1e2	650	166400	3.6994
r2_small	mhc4	1e-2	mhc4_lr1e2	700	179200	3.6291
r2_small	mhc4	1e-2	mhc4_lr1e2	750	192000	3.5776
r2_small	mhc4	3e-2	mhc4_lr3e2	0	0	9.1550
r2_small	mhc4	3e-2	mhc4_lr3e2	50	12800	6.0488
r2_small	mhc4	3e-2	mhc4_lr3e2	100	25600	5.2374
r2_small	mhc4	3e-2	mhc4_lr3e2	150	38400	4.9236
r2_small	mhc4	3e-2	mhc4_lr3e2	200	51200	4.7169
r2_small	mhc4	3e-2	mhc4_lr3e2	250	64000	4.6184
r2_small	mhc4	3e-2	mhc4_lr3e2	300	76800	4.5315
r2_small	mhc4	3e-2	mhc4_lr3e2	350	89600	4.4373
r2_small	mhc4	3e-2	mhc4_lr3e2	400	102400	4.4200
r2_small	mhc4	3e-2	mhc4_lr3e2	450	115200	4.3400
r2_small	mhc4	3e-2	mhc4_lr3e2	500	128000	4.3493
r2_small	mhc4	3e-2	mhc4_lr3e2	550	140800	4.2635
r2_small	mhc4	3e-2	mhc4_lr3e2	600	153600	4.2566
r2_small	mhc4	3e-2	mhc4_lr3e2	650	166400	4.1768
r2_small	mhc4	3e-2	mhc4_lr3e2	700	179200	4.1395
r2_small	mhc4	3e-2	mhc4_lr3e2	750	192000	4.0975
r2_small	mhc4	3e-3	mhc4_lr3e3	0	0	9.1550
r2_small	mhc4	3e-3	mhc4_lr3e3	50	12800	6.1528
r2_small	mhc4	3e-3	mhc4_lr3e3	100	25600	5.1019
r2_small	mhc4	3e-3	mhc4_lr3e3	150	38400	4.6656
r2_small	mhc4	3e-3	mhc4_lr3e3	200	51200	4.4561
r2_small	mhc4	3e-3	mhc4_lr3e3	250	64000	4.3473
r2_small	mhc4	3e-3	mhc4_lr3e3	300	76800	4.2151
r2_small	mhc4	3e-3	mhc4_lr3e3	350	89600	4.1385
r2_small	mhc4	3e-3	mhc4_lr3e3	400	102400	4.0553
r2_small	mhc4	3e-3	mhc4_lr3e3	450	115200	4.0087
r2_small	mhc4	3e-3	mhc4_lr3e3	500	128000	3.9091
r2_small	mhc4	3e-3	mhc4_lr3e3	550	140800	3.8638
r2_small	mhc4	3e-3	mhc4_lr3e3	600	153600	3.8260
r2_small	mhc4	3e-3	mhc4_lr3e3	650	166400	3.7919
r2_small	mhc4	3e-3	mhc4_lr3e3	700	179200	3.7502
r2_small	mhc4	3e-3	mhc4_lr3e3	750	192000	3.7150
r2_small	muon	1e-2	muon_lr1e2	0	0	9.1547
r2_small	muon	1e-2	muon_lr1e2	50	12800	6.3307
r2_small	muon	1e-2	muon_lr1e2	100	25600	5.0811
r2_small	muon	1e-2	muon_lr1e2	150	38400	4.7660
r2_small	muon	1e-2	muon_lr1e2	200	51200	4.5900
r2_small	muon	1e-2	muon_lr1e2	250	64000	4.3528
r2_small	muon	1e-2	muon_lr1e2	300	76800	4.2314
r2_small	muon	1e-2	muon_lr1e2	350	89600	4.1598
r2_small	muon	1e-2	muon_lr1e2	400	102400	4.0609
r2_small	muon	1e-2	muon_lr1e2	450	115200	3.9769
r2_small	muon	1e-2	muon_lr1e2	500	128000	3.8463
r2_small	muon	1e-2	muon_lr1e2	550	140800	3.7927
r2_small	muon	1e-2	muon_lr1e2	600	153600	3.7249
r2_small	muon	1e-2	muon_lr1e2	650	166400	3.6773
r2_small	muon	1e-2	muon_lr1e2	700	179200	3.6104
r2_small	muon	1e-2	muon_lr1e2	750	192000	3.5660
r2_small	muon	3e-2	muon_lr3e2	0	0	9.1547
r2_small	muon	3e-2	muon_lr3e2	50	12800	8.0325
r2_small	muon	3e-2	muon_lr3e2	100	25600	5.5900
r2_small	muon	3e-2	muon_lr3e2	150	38400	5.0476
r2_small	muon	3e-2	muon_lr3e2	200	51200	4.7472
r2_small	muon	3e-2	muon_lr3e2	250	64000	4.5202
r2_small	muon	3e-2	muon_lr3e2	300	76800	4.4141
r2_small	muon	3e-2	muon_lr3e2	350	89600	4.3262
r2_small	muon	3e-2	muon_lr3e2	400	102400	4.2225
r2_small	muon	3e-2	muon_lr3e2	450	115200	4.1466
r2_small	muon	3e-2	muon_lr3e2	500	128000	4.0395
r2_small	muon	3e-2	muon_lr3e2	550	140800	3.9950
r2_small	muon	3e-2	muon_lr3e2	600	153600	3.9614
r2_small	muon	3e-2	muon_lr3e2	650	166400	3.9271
r2_small	muon	3e-2	muon_lr3e2	700	179200	3.8663
r2_small	muon	3e-2	muon_lr3e2	750	192000	3.8193
r2_small	muon	3e-3	muon_lr3e3	0	0	9.1547
r2_small	muon	3e-3	muon_lr3e3	50	12800	6.1849
r2_small	muon	3e-3	muon_lr3e3	100	25600	5.6151
r2_small	muon	3e-3	muon_lr3e3	150	38400	4.9349
r2_small	muon	3e-3	muon_lr3e3	200	51200	4.5977
r2_small	muon	3e-3	muon_lr3e3	250	64000	4.4118
r2_small	muon	3e-3	muon_lr3e3	300	76800	4.2651
r2_small	muon	3e-3	muon_lr3e3	350	89600	4.1590
r2_small	muon	3e-3	muon_lr3e3	400	102400	4.0858
r2_small	muon	3e-3	muon_lr3e3	450	115200	4.0246
r2_small	muon	3e-3	muon_lr3e3	500	128000	3.9497
r2_small	muon	3e-3	muon_lr3e3	550	140800	3.9012
r2_small	muon	3e-3	muon_lr3e3	600	153600	3.8538
r2_small	muon	3e-3	muon_lr3e3	650	166400	3.8181
r2_small	muon	3e-3	muon_lr3e3	700	179200	3.7742
r2_small	muon	3e-3	muon_lr3e3	750	192000	3.7336
r2_mid	adamw	1e-3	adamw_lr1e3	0	0	9.1601
r2_mid	adamw	1e-3	adamw_lr1e3	50	12800	6.2259
r2_mid	adamw	1e-3	adamw_lr1e3	100	25600	6.1730
r2_mid	adamw	1e-3	adamw_lr1e3	150	38400	6.0224
r2_mid	adamw	1e-3	adamw_lr1e3	200	51200	5.9676
r2_mid	adamw	1e-3	adamw_lr1e3	250	64000	5.7815
r2_mid	adamw	1e-3	adamw_lr1e3	300	76800	5.6817
r2_mid	adamw	1e-3	adamw_lr1e3	350	89600	5.6673
r2_mid	adamw	1e-3	adamw_lr1e3	400	102400	5.5168
r2_mid	adamw	1e-3	adamw_lr1e3	450	115200	5.3570
r2_mid	adamw	1e-3	adamw_lr1e3	500	128000	5.2546
r2_mid	adamw	1e-3	adamw_lr1e3	550	140800	5.1163
r2_mid	adamw	1e-3	adamw_lr1e3	600	153600	5.0267
r2_mid	adamw	1e-3	adamw_lr1e3	650	166400	4.9354
r2_mid	adamw	1e-3	adamw_lr1e3	700	179200	4.8855
r2_mid	adamw	1e-3	adamw_lr1e3	750	192000	4.8255
r2_mid	adamw	1e-4	adamw_lr1e4	0	0	9.1601
r2_mid	adamw	1e-4	adamw_lr1e4	50	12800	8.3185
r2_mid	adamw	1e-4	adamw_lr1e4	100	25600	7.6027
r2_mid	adamw	1e-4	adamw_lr1e4	150	38400	7.0068
r2_mid	adamw	1e-4	adamw_lr1e4	200	51200	6.5116
r2_mid	adamw	1e-4	adamw_lr1e4	250	64000	6.2040
r2_mid	adamw	1e-4	adamw_lr1e4	300	76800	5.9414
r2_mid	adamw	1e-4	adamw_lr1e4	350	89600	5.7743
r2_mid	adamw	1e-4	adamw_lr1e4	400	102400	5.6296
r2_mid	adamw	1e-4	adamw_lr1e4	450	115200	5.5310
r2_mid	adamw	1e-4	adamw_lr1e4	500	128000	5.4250
r2_mid	adamw	1e-4	adamw_lr1e4	550	140800	5.3604
r2_mid	adamw	1e-4	adamw_lr1e4	600	153600	5.3066
r2_mid	adamw	1e-4	adamw_lr1e4	650	166400	5.2679
r2_mid	adamw	1e-4	adamw_lr1e4	700	179200	5.2337
r2_mid	adamw	1e-4	adamw_lr1e4	750	192000	5.2100
r2_mid	adamw	3e-3	adamw_lr3e3	0	0	9.1601
r2_mid	adamw	3e-3	adamw_lr3e3	50	12800	6.7115
r2_mid	adamw	3e-3	adamw_lr3e3	100	25600	6.4652
r2_mid	adamw	3e-3	adamw_lr3e3	150	38400	6.2929
r2_mid	adamw	3e-3	adamw_lr3e3	200	51200	6.1846
r2_mid	adamw	3e-3	adamw_lr3e3	250	64000	6.1564
r2_mid	adamw	3e-3	adamw_lr3e3	300	76800	6.1797
r2_mid	adamw	3e-3	adamw_lr3e3	350	89600	6.1048
r2_mid	adamw	3e-3	adamw_lr3e3	400	102400	6.0514
r2_mid	adamw	3e-3	adamw_lr3e3	450	115200	5.9975
r2_mid	adamw	3e-3	adamw_lr3e3	500	128000	6.1812
r2_mid	adamw	3e-3	adamw_lr3e3	550	140800	6.0760
r2_mid	adamw	3e-3	adamw_lr3e3	600	153600	6.0377
r2_mid	adamw	3e-3	adamw_lr3e3	650	166400	6.0595
r2_mid	adamw	3e-3	adamw_lr3e3	700	179200	6.0192
r2_mid	adamw	3e-3	adamw_lr3e3	750	192000	6.0328
r2_mid	adamw	3e-4	adamw_lr3e4	0	0	9.1601
r2_mid	adamw	3e-4	adamw_lr3e4	50	12800	7.5882
r2_mid	adamw	3e-4	adamw_lr3e4	100	25600	6.2327
r2_mid	adamw	3e-4	adamw_lr3e4	150	38400	5.9537
r2_mid	adamw	3e-4	adamw_lr3e4	200	51200	5.6501
r2_mid	adamw	3e-4	adamw_lr3e4	250	64000	5.3976
r2_mid	adamw	3e-4	adamw_lr3e4	300	76800	5.1699
r2_mid	adamw	3e-4	adamw_lr3e4	350	89600	4.9836
r2_mid	adamw	3e-4	adamw_lr3e4	400	102400	4.8576
r2_mid	adamw	3e-4	adamw_lr3e4	450	115200	4.7333
r2_mid	adamw	3e-4	adamw_lr3e4	500	128000	4.6594
r2_mid	adamw	3e-4	adamw_lr3e4	550	140800	4.5965
r2_mid	adamw	3e-4	adamw_lr3e4	600	153600	4.5475
r2_mid	adamw	3e-4	adamw_lr3e4	650	166400	4.5030
r2_mid	adamw	3e-4	adamw_lr3e4	700	179200	4.4684
r2_mid	adamw	3e-4	adamw_lr3e4	750	192000	4.4400
r2_mid	adamw	3e-5	adamw_lr3e5	0	0	9.1601
r2_mid	adamw	3e-5	adamw_lr3e5	50	12800	8.6567
r2_mid	adamw	3e-5	adamw_lr3e5	100	25600	8.3462
r2_mid	adamw	3e-5	adamw_lr3e5	150	38400	8.1347
r2_mid	adamw	3e-5	adamw_lr3e5	200	51200	7.9121
r2_mid	adamw	3e-5	adamw_lr3e5	250	64000	7.7220
r2_mid	adamw	3e-5	adamw_lr3e5	300	76800	7.5315
r2_mid	adamw	3e-5	adamw_lr3e5	350	89600	7.3686
r2_mid	adamw	3e-5	adamw_lr3e5	400	102400	7.2144
r2_mid	adamw	3e-5	adamw_lr3e5	450	115200	7.0917
r2_mid	adamw	3e-5	adamw_lr3e5	500	128000	6.9870
r2_mid	adamw	3e-5	adamw_lr3e5	550	140800	6.9143
r2_mid	adamw	3e-5	adamw_lr3e5	600	153600	6.8498
r2_mid	adamw	3e-5	adamw_lr3e5	650	166400	6.8065
r2_mid	adamw	3e-5	adamw_lr3e5	700	179200	6.7715
r2_mid	adamw	3e-5	adamw_lr3e5	750	192000	6.7457
r2_mid	mhc2	1e-2	mhc2_lr1e2	0	0	9.1600
r2_mid	mhc2	1e-2	mhc2_lr1e2	50	12800	5.5860
r2_mid	mhc2	1e-2	mhc2_lr1e2	100	25600	5.0077
r2_mid	mhc2	1e-2	mhc2_lr1e2	150	38400	4.8114
r2_mid	mhc2	1e-2	mhc2_lr1e2	200	51200	4.6462
r2_mid	mhc2	1e-2	mhc2_lr1e2	250	64000	4.4836
r2_mid	mhc2	1e-2	mhc2_lr1e2	300	76800	4.3771
r2_mid	mhc2	1e-2	mhc2_lr1e2	350	89600	4.2274
r2_mid	mhc2	1e-2	mhc2_lr1e2	400	102400	4.2343
r2_mid	mhc2	1e-2	mhc2_lr1e2	450	115200	4.2109
r2_mid	mhc2	1e-2	mhc2_lr1e2	500	128000	4.0611
r2_mid	mhc2	1e-2	mhc2_lr1e2	550	140800	3.9931
r2_mid	mhc2	1e-2	mhc2_lr1e2	600	153600	3.9219
r2_mid	mhc2	1e-2	mhc2_lr1e2	650	166400	3.8683
r2_mid	mhc2	1e-2	mhc2_lr1e2	700	179200	3.8061
r2_mid	mhc2	1e-2	mhc2_lr1e2	750	192000	3.7378
r2_mid	mhc2	1e-3	mhc2_lr1e3	0	0	9.1600
r2_mid	mhc2	1e-3	mhc2_lr1e3	50	12800	6.4181
r2_mid	mhc2	1e-3	mhc2_lr1e3	100	25600	5.3244
r2_mid	mhc2	1e-3	mhc2_lr1e3	150	38400	4.7543
r2_mid	mhc2	1e-3	mhc2_lr1e3	200	51200	4.4564
r2_mid	mhc2	1e-3	mhc2_lr1e3	250	64000	4.3139
r2_mid	mhc2	1e-3	mhc2_lr1e3	300	76800	4.2119
r2_mid	mhc2	1e-3	mhc2_lr1e3	350	89600	4.1219
r2_mid	mhc2	1e-3	mhc2_lr1e3	400	102400	4.0599
r2_mid	mhc2	1e-3	mhc2_lr1e3	450	115200	4.0173
r2_mid	mhc2	1e-3	mhc2_lr1e3	500	128000	3.9654
r2_mid	mhc2	1e-3	mhc2_lr1e3	550	140800	3.9357
r2_mid	mhc2	1e-3	mhc2_lr1e3	600	153600	3.8928
r2_mid	mhc2	1e-3	mhc2_lr1e3	650	166400	3.8646
r2_mid	mhc2	1e-3	mhc2_lr1e3	700	179200	3.8313
r2_mid	mhc2	1e-3	mhc2_lr1e3	750	192000	3.8002
r2_mid	mhc2	3e-2	mhc2_lr3e2	0	0	9.1600
r2_mid	mhc2	3e-2	mhc2_lr3e2	50	12800	7.0801
r2_mid	mhc2	3e-2	mhc2_lr3e2	100	25600	6.6010
r2_mid	mhc2	3e-2	mhc2_lr3e2	150	38400	5.7988
r2_mid	mhc2	3e-2	mhc2_lr3e2	200	51200	6.8208
r2_mid	mhc2	3e-2	mhc2_lr3e2	250	64000	5.5874
r2_mid	mhc2	3e-2	mhc2_lr3e2	300	76800	5.1413
r2_mid	mhc2	3e-2	mhc2_lr3e2	350	89600	5.0192
r2_mid	mhc2	3e-3	mhc2_lr3e3	0	0	9.1600
r2_mid	mhc2	3e-3	mhc2_lr3e3	50	12800	5.7927
r2_mid	mhc2	3e-3	mhc2_lr3e3	100	25600	4.7395
r2_mid	mhc2	3e-3	mhc2_lr3e3	150	38400	4.5377
r2_mid	mhc2	3e-3	mhc2_lr3e3	200	51200	4.3662
r2_mid	mhc2	3e-3	mhc2_lr3e3	250	64000	4.2650
r2_mid	mhc2	3e-3	mhc2_lr3e3	300	76800	4.1672
r2_mid	mhc2	3e-3	mhc2_lr3e3	350	89600	4.0801
r2_mid	mhc2	3e-3	mhc2_lr3e3	400	102400	3.9926
r2_mid	mhc2	3e-3	mhc2_lr3e3	450	115200	3.9290
r2_mid	mhc2	3e-3	mhc2_lr3e3	500	128000	3.8289
r2_mid	mhc2	3e-3	mhc2_lr3e3	550	140800	3.7761
r2_mid	mhc2	3e-3	mhc2_lr3e3	600	153600	3.7098
r2_mid	mhc2	3e-3	mhc2_lr3e3	650	166400	3.6841
r2_mid	mhc2	3e-3	mhc2_lr3e3	700	179200	3.6301
r2_mid	mhc2	3e-3	mhc2_lr3e3	750	192000	3.5799
r2_mid	mhc4	1e-2	mhc4_lr1e2	0	0	9.1597
r2_mid	mhc4	1e-2	mhc4_lr1e2	50	12800	5.4428
r2_mid	mhc4	1e-2	mhc4_lr1e2	100	25600	4.9533
r2_mid	mhc4	1e-2	mhc4_lr1e2	150	38400	4.7908
r2_mid	mhc4	1e-2	mhc4_lr1e2	200	51200	4.6865
r2_mid	mhc4	1e-2	mhc4_lr1e2	250	64000	4.4359
r2_mid	mhc4	1e-2	mhc4_lr1e2	300	76800	4.5277
r2_mid	mhc4	1e-2	mhc4_lr1e2	350	89600	4.3327
r2_mid	mhc4	1e-2	mhc4_lr1e2	400	102400	4.2517
r2_mid	mhc4	1e-2	mhc4_lr1e2	450	115200	4.2206
r2_mid	mhc4	1e-2	mhc4_lr1e2	500	128000	4.0784
r2_mid	mhc4	1e-2	mhc4_lr1e2	550	140800	4.0169
r2_mid	mhc4	1e-2	mhc4_lr1e2	600	153600	4.0289
r2_mid	mhc4	1e-2	mhc4_lr1e2	650	166400	3.9314
r2_mid	mhc4	1e-2	mhc4_lr1e2	700	179200	3.8348
r2_mid	mhc4	1e-2	mhc4_lr1e2	750	192000	3.7679
r2_mid	mhc4	1e-3	mhc4_lr1e3	0	0	9.1597
r2_mid	mhc4	1e-3	mhc4_lr1e3	50	12800	6.3956
r2_mid	mhc4	1e-3	mhc4_lr1e3	100	25600	5.1140
r2_mid	mhc4	1e-3	mhc4_lr1e3	150	38400	4.6545
r2_mid	mhc4	1e-3	mhc4_lr1e3	200	51200	4.4056
r2_mid	mhc4	1e-3	mhc4_lr1e3	250	64000	4.2840
r2_mid	mhc4	1e-3	mhc4_lr1e3	300	76800	4.1808
r2_mid	mhc4	1e-3	mhc4_lr1e3	350	89600	4.1032
r2_mid	mhc4	1e-3	mhc4_lr1e3	400	102400	4.0408
r2_mid	mhc4	1e-3	mhc4_lr1e3	450	115200	4.0003
r2_mid	mhc4	1e-3	mhc4_lr1e3	500	128000	3.9505
r2_mid	mhc4	1e-3	mhc4_lr1e3	550	140800	3.9213
r2_mid	mhc4	1e-3	mhc4_lr1e3	600	153600	3.8796
r2_mid	mhc4	1e-3	mhc4_lr1e3	650	166400	3.8530
r2_mid	mhc4	1e-3	mhc4_lr1e3	700	179200	3.8206
r2_mid	mhc4	1e-3	mhc4_lr1e3	750	192000	3.7921
r2_mid	mhc4	3e-2	mhc4_lr3e2	0	0	9.1597
r2_mid	mhc4	3e-2	mhc4_lr3e2	50	12800	6.8489
r2_mid	mhc4	3e-2	mhc4_lr3e2	100	25600	5.9243
r2_mid	mhc4	3e-2	mhc4_lr3e2	150	38400	5.9666
r2_mid	mhc4	3e-2	mhc4_lr3e2	200	51200	5.2547
r2_mid	mhc4	3e-2	mhc4_lr3e2	250	64000	5.1683
r2_mid	mhc4	3e-2	mhc4_lr3e2	300	76800	4.8529
r2_mid	mhc4	3e-2	mhc4_lr3e2	350	89600	4.8118
r2_mid	mhc4	3e-2	mhc4_lr3e2	400	102400	4.7761
r2_mid	mhc4	3e-2	mhc4_lr3e2	450	115200	4.7122
r2_mid	mhc4	3e-2	mhc4_lr3e2	500	128000	4.6420
r2_mid	mhc4	3e-2	mhc4_lr3e2	550	140800	4.5991
r2_mid	mhc4	3e-3	mhc4_lr3e3	0	0	9.1597
r2_mid	mhc4	3e-3	mhc4_lr3e3	50	12800	5.4635
r2_mid	mhc4	3e-3	mhc4_lr3e3	100	25600	4.6774
r2_mid	mhc4	3e-3	mhc4_lr3e3	150	38400	4.5048
r2_mid	mhc4	3e-3	mhc4_lr3e3	200	51200	4.3514
r2_mid	mhc4	3e-3	mhc4_lr3e3	250	64000	4.2682
r2_mid	mhc4	3e-3	mhc4_lr3e3	300	76800	4.1528
r2_mid	mhc4	3e-3	mhc4_lr3e3	350	89600	4.0855
r2_mid	mhc4	3e-3	mhc4_lr3e3	400	102400	4.0060
r2_mid	mhc4	3e-3	mhc4_lr3e3	450	115200	3.9350
r2_mid	mhc4	3e-3	mhc4_lr3e3	500	128000	3.8247
r2_mid	mhc4	3e-3	mhc4_lr3e3	550	140800	3.7725
r2_mid	mhc4	3e-3	mhc4_lr3e3	600	153600	3.7144
r2_mid	mhc4	3e-3	mhc4_lr3e3	650	166400	3.6733
r2_mid	mhc4	3e-3	mhc4_lr3e3	700	179200	3.6207
r2_mid	mhc4	3e-3	mhc4_lr3e3	750	192000	3.5741
r2_mid	muon	1e-2	muon_lr1e2	0	0	9.1601
r2_mid	muon	1e-2	muon_lr1e2	50	12800	6.6044
r2_mid	muon	1e-2	muon_lr1e2	100	25600	5.2331
r2_mid	muon	1e-2	muon_lr1e2	150	38400	4.9467
r2_mid	muon	1e-2	muon_lr1e2	200	51200	4.7269
r2_mid	muon	1e-2	muon_lr1e2	250	64000	4.4851
r2_mid	muon	1e-2	muon_lr1e2	300	76800	4.3283
r2_mid	muon	1e-2	muon_lr1e2	350	89600	4.2147
r2_mid	muon	1e-2	muon_lr1e2	400	102400	4.1204
r2_mid	muon	1e-2	muon_lr1e2	450	115200	4.0155
r2_mid	muon	1e-2	muon_lr1e2	500	128000	3.8808
r2_mid	muon	1e-2	muon_lr1e2	550	140800	3.7909
r2_mid	muon	1e-2	muon_lr1e2	600	153600	3.7075
r2_mid	muon	1e-2	muon_lr1e2	650	166400	3.6694
r2_mid	muon	1e-2	muon_lr1e2	700	179200	3.5791
r2_mid	muon	1e-2	muon_lr1e2	750	192000	3.5276
r2_mid	muon	3e-2	muon_lr3e2	0	0	9.1601
r2_mid	muon	3e-2	muon_lr3e2	50	12800	8.3060
r2_mid	muon	3e-2	muon_lr3e2	100	25600	6.9401
r2_mid	muon	3e-2	muon_lr3e2	150	38400	5.8791
r2_mid	muon	3e-2	muon_lr3e2	200	51200	5.3185
r2_mid	muon	3e-2	muon_lr3e2	250	64000	4.9268
r2_mid	muon	3e-2	muon_lr3e2	300	76800	4.7828
r2_mid	muon	3e-2	muon_lr3e2	350	89600	4.6916
r2_mid	muon	3e-2	muon_lr3e2	400	102400	4.6469
r2_mid	muon	3e-2	muon_lr3e2	450	115200	4.5607
r2_mid	muon	3e-2	muon_lr3e2	500	128000	4.4628
r2_mid	muon	3e-2	muon_lr3e2	550	140800	4.4277
r2_mid	muon	3e-2	muon_lr3e2	600	153600	4.3725
r2_mid	muon	3e-2	muon_lr3e2	650	166400	4.3228
r2_mid	muon	3e-2	muon_lr3e2	700	179200	4.2587
r2_mid	muon	3e-2	muon_lr3e2	750	192000	4.2115
r2_mid	muon	3e-3	muon_lr3e3	0	0	9.1601
r2_mid	muon	3e-3	muon_lr3e3	50	12800	6.1764
r2_mid	muon	3e-3	muon_lr3e3	100	25600	5.0143
r2_mid	muon	3e-3	muon_lr3e3	150	38400	4.6308
r2_mid	muon	3e-3	muon_lr3e3	200	51200	4.4465
r2_mid	muon	3e-3	muon_lr3e3	250	64000	4.2910
r2_mid	muon	3e-3	muon_lr3e3	300	76800	4.1937
r2_mid	muon	3e-3	muon_lr3e3	350	89600	4.1075
r2_mid	muon	3e-3	muon_lr3e3	400	102400	4.0182
r2_mid	muon	3e-3	muon_lr3e3	450	115200	3.9574
r2_mid	muon	3e-3	muon_lr3e3	500	128000	3.8336
r2_mid	muon	3e-3	muon_lr3e3	550	140800	3.7653
r2_mid	muon	3e-3	muon_lr3e3	600	153600	3.7082
r2_mid	muon	3e-3	muon_lr3e3	650	166400	3.6669
r2_mid	muon	3e-3	muon_lr3e3	700	179200	3.6026
r2_mid	muon	3e-3	muon_lr3e3	750	192000	3.5524
r3_110m	adamw	1e-3	adamw_lr1e3	0	0	9.1603
r3_110m	adamw	1e-3	adamw_lr1e3	50	12800	6.4551
r3_110m	adamw	1e-3	adamw_lr1e3	100	25600	6.2651
r3_110m	adamw	1e-3	adamw_lr1e3	150	38400	6.2182
r3_110m	adamw	1e-3	adamw_lr1e3	200	51200	6.1680
r3_110m	adamw	1e-3	adamw_lr1e3	250	64000	6.1426
r3_110m	adamw	1e-3	adamw_lr1e3	300	76800	6.1292
r3_110m	adamw	1e-3	adamw_lr1e3	350	89600	6.0954
r3_110m	adamw	1e-3	adamw_lr1e3	400	102400	6.0582
r3_110m	adamw	1e-3	adamw_lr1e3	450	115200	6.0068
r3_110m	adamw	1e-3	adamw_lr1e3	500	128000	6.0703
r3_110m	adamw	1e-3	adamw_lr1e3	550	140800	6.2165
r3_110m	adamw	1e-3	adamw_lr1e3	600	153600	6.1587
r3_110m	adamw	1e-3	adamw_lr1e3	650	166400	6.0690
r3_110m	adamw	1e-3	adamw_lr1e3	700	179200	5.9856
r3_110m	adamw	1e-3	adamw_lr1e3	750	192000	5.9679
r3_110m	adamw	1e-4	adamw_lr1e4	0	0	9.1603
r3_110m	adamw	1e-4	adamw_lr1e4	50	12800	7.9038
r3_110m	adamw	1e-4	adamw_lr1e4	100	25600	6.9125
r3_110m	adamw	1e-4	adamw_lr1e4	150	38400	6.2824
r3_110m	adamw	1e-4	adamw_lr1e4	200	51200	5.8918
r3_110m	adamw	1e-4	adamw_lr1e4	250	64000	5.5807
r3_110m	adamw	1e-4	adamw_lr1e4	300	76800	5.3897
r3_110m	adamw	1e-4	adamw_lr1e4	350	89600	5.2161
r3_110m	adamw	1e-4	adamw_lr1e4	400	102400	5.0858
r3_110m	adamw	1e-4	adamw_lr1e4	450	115200	4.9824
r3_110m	adamw	1e-4	adamw_lr1e4	500	128000	4.8996
r3_110m	adamw	1e-4	adamw_lr1e4	550	140800	4.8436
r3_110m	adamw	1e-4	adamw_lr1e4	600	153600	4.7860
r3_110m	adamw	1e-4	adamw_lr1e4	650	166400	4.7392
r3_110m	adamw	1e-4	adamw_lr1e4	700	179200	4.7100
r3_110m	adamw	1e-4	adamw_lr1e4	750	192000	4.6815
r3_110m	adamw	3e-4	adamw_lr3e4	0	0	9.1603
r3_110m	adamw	3e-4	adamw_lr3e4	50	12800	6.9333
r3_110m	adamw	3e-4	adamw_lr3e4	100	25600	6.0078
r3_110m	adamw	3e-4	adamw_lr3e4	150	38400	5.6205
r3_110m	adamw	3e-4	adamw_lr3e4	200	51200	5.3073
r3_110m	adamw	3e-4	adamw_lr3e4	250	64000	5.0918
r3_110m	adamw	3e-4	adamw_lr3e4	300	76800	4.9449
r3_110m	adamw	3e-4	adamw_lr3e4	350	89600	4.7731
r3_110m	adamw	3e-4	adamw_lr3e4	400	102400	4.6510
r3_110m	adamw	3e-4	adamw_lr3e4	450	115200	4.5667
r3_110m	adamw	3e-4	adamw_lr3e4	500	128000	4.4753
r3_110m	adamw	3e-4	adamw_lr3e4	550	140800	4.4058
r3_110m	adamw	3e-4	adamw_lr3e4	600	153600	4.3485
r3_110m	adamw	3e-4	adamw_lr3e4	650	166400	4.2976
r3_110m	adamw	3e-4	adamw_lr3e4	700	179200	4.2534
r3_110m	adamw	3e-4	adamw_lr3e4	750	192000	4.2218
r3_110m	adamw	3e-5	adamw_lr3e5	0	0	9.1603
r3_110m	adamw	3e-5	adamw_lr3e5	50	12800	8.2767
r3_110m	adamw	3e-5	adamw_lr3e5	100	25600	7.8912
r3_110m	adamw	3e-5	adamw_lr3e5	150	38400	7.5874
r3_110m	adamw	3e-5	adamw_lr3e5	200	51200	7.2574
r3_110m	adamw	3e-5	adamw_lr3e5	250	64000	6.9368
r3_110m	adamw	3e-5	adamw_lr3e5	300	76800	6.6054
r3_110m	adamw	3e-5	adamw_lr3e5	350	89600	6.3772
r3_110m	adamw	3e-5	adamw_lr3e5	400	102400	6.1859
r3_110m	adamw	3e-5	adamw_lr3e5	450	115200	6.0540
r3_110m	adamw	3e-5	adamw_lr3e5	500	128000	5.9379
r3_110m	adamw	3e-5	adamw_lr3e5	550	140800	5.8566
r3_110m	adamw	3e-5	adamw_lr3e5	600	153600	5.7929
r3_110m	adamw	3e-5	adamw_lr3e5	650	166400	5.7523
r3_110m	adamw	3e-5	adamw_lr3e5	700	179200	5.7185
r3_110m	adamw	3e-5	adamw_lr3e5	750	192000	5.6924
r3_110m	mhc2	1e-2	mhc2_lr1e2	0	0	9.1608
r3_110m	mhc2	1e-2	mhc2_lr1e2	50	12800	6.2395
r3_110m	mhc2	1e-2	mhc2_lr1e2	100	25600	5.1752
r3_110m	mhc2	1e-2	mhc2_lr1e2	150	38400	5.1065
r3_110m	mhc2	1e-2	mhc2_lr1e2	200	51200	4.9774
r3_110m	mhc2	1e-2	mhc2_lr1e2	250	64000	4.7546
r3_110m	mhc2	1e-2	mhc2_lr1e2	300	76800	4.8409
r3_110m	mhc2	1e-2	mhc2_lr1e2	350	89600	4.6055
r3_110m	mhc2	1e-2	mhc2_lr1e2	400	102400	4.4992
r3_110m	mhc2	1e-2	mhc2_lr1e2	450	115200	4.9949
r3_110m	mhc2	1e-2	mhc2_lr1e2	500	128000	4.4893
r3_110m	mhc2	1e-2	mhc2_lr1e2	550	140800	4.3310
r3_110m	mhc2	1e-2	mhc2_lr1e2	600	153600	4.2278
r3_110m	mhc2	1e-2	mhc2_lr1e2	650	166400	4.1361
r3_110m	mhc2	1e-2	mhc2_lr1e2	700	179200	4.0968
r3_110m	mhc2	1e-2	mhc2_lr1e2	750	192000	4.0055
r3_110m	mhc2	1e-3	mhc2_lr1e3	0	0	9.1608
r3_110m	mhc2	1e-3	mhc2_lr1e3	50	12800	5.9569
r3_110m	mhc2	1e-3	mhc2_lr1e3	100	25600	4.8194
r3_110m	mhc2	1e-3	mhc2_lr1e3	150	38400	4.4538
r3_110m	mhc2	1e-3	mhc2_lr1e3	200	51200	4.2925
r3_110m	mhc2	1e-3	mhc2_lr1e3	250	64000	4.1899
r3_110m	mhc2	1e-3	mhc2_lr1e3	300	76800	4.1105
r3_110m	mhc2	1e-3	mhc2_lr1e3	350	89600	4.0364
r3_110m	mhc2	1e-3	mhc2_lr1e3	400	102400	3.9663
r3_110m	mhc2	1e-3	mhc2_lr1e3	450	115200	3.9264
r3_110m	mhc2	1e-3	mhc2_lr1e3	500	128000	3.8554
r3_110m	mhc2	1e-3	mhc2_lr1e3	550	140800	3.8196
r3_110m	mhc2	1e-3	mhc2_lr1e3	600	153600	3.7656
r3_110m	mhc2	1e-3	mhc2_lr1e3	650	166400	3.7264
r3_110m	mhc2	1e-3	mhc2_lr1e3	700	179200	3.6844
r3_110m	mhc2	1e-3	mhc2_lr1e3	750	192000	3.6431
r3_110m	mhc2	3e-3	mhc2_lr3e3	0	0	9.1608
r3_110m	mhc2	3e-3	mhc2_lr3e3	50	12800	5.3726
r3_110m	mhc2	3e-3	mhc2_lr3e3	100	25600	4.6919
r3_110m	mhc2	3e-3	mhc2_lr3e3	150	38400	4.6018
r3_110m	mhc2	3e-3	mhc2_lr3e3	200	51200	4.4335
r3_110m	mhc2	3e-3	mhc2_lr3e3	250	64000	4.2727
r3_110m	mhc2	3e-3	mhc2_lr3e3	300	76800	4.1373
r3_110m	mhc2	3e-3	mhc2_lr3e3	350	89600	4.0565
r3_110m	mhc2	3e-3	mhc2_lr3e3	400	102400	3.9654
r3_110m	mhc2	3e-3	mhc2_lr3e3	450	115200	3.8730
r3_110m	mhc2	3e-3	mhc2_lr3e3	500	128000	3.7514
r3_110m	mhc2	3e-3	mhc2_lr3e3	550	140800	3.6677
r3_110m	mhc2	3e-3	mhc2_lr3e3	600	153600	3.5941
r3_110m	mhc2	3e-3	mhc2_lr3e3	650	166400	3.5679
r3_110m	mhc2	3e-3	mhc2_lr3e3	700	179200	3.4925
r3_110m	mhc2	3e-3	mhc2_lr3e3	750	192000	3.4371
r3_110m	mhc4	1e-2	mhc4_lr1e2	0	0	9.1610
r3_110m	mhc4	1e-2	mhc4_lr1e2	50	12800	5.7781
r3_110m	mhc4	1e-2	mhc4_lr1e2	100	25600	5.2144
r3_110m	mhc4	1e-2	mhc4_lr1e2	150	38400	4.9992
r3_110m	mhc4	1e-2	mhc4_lr1e2	200	51200	4.8686
r3_110m	mhc4	1e-2	mhc4_lr1e2	250	64000	4.6894
r3_110m	mhc4	1e-2	mhc4_lr1e2	300	76800	4.6563
r3_110m	mhc4	1e-2	mhc4_lr1e2	350	89600	4.5740
r3_110m	mhc4	1e-2	mhc4_lr1e2	400	102400	4.7001
r3_110m	mhc4	1e-2	mhc4_lr1e2	450	115200	4.4687
r3_110m	mhc4	1e-2	mhc4_lr1e2	500	128000	4.3556
r3_110m	mhc4	1e-2	mhc4_lr1e2	550	140800	4.2840
r3_110m	mhc4	1e-2	mhc4_lr1e2	600	153600	4.1777
r3_110m	mhc4	1e-2	mhc4_lr1e2	650	166400	4.1358
r3_110m	mhc4	1e-2	mhc4_lr1e2	700	179200	4.0213
r3_110m	mhc4	1e-2	mhc4_lr1e2	750	192000	3.9473
r3_110m	mhc4	1e-3	mhc4_lr1e3	0	0	9.1610
r3_110m	mhc4	1e-3	mhc4_lr1e3	50	12800	5.7359
r3_110m	mhc4	1e-3	mhc4_lr1e3	100	25600	4.7139
r3_110m	mhc4	1e-3	mhc4_lr1e3	150	38400	4.4213
r3_110m	mhc4	1e-3	mhc4_lr1e3	200	51200	4.2683
r3_110m	mhc4	1e-3	mhc4_lr1e3	250	64000	4.1883
r3_110m	mhc4	1e-3	mhc4_lr1e3	300	76800	4.1002
r3_110m	mhc4	1e-3	mhc4_lr1e3	350	89600	4.0233
r3_110m	mhc4	1e-3	mhc4_lr1e3	400	102400	3.9623
r3_110m	mhc4	1e-3	mhc4_lr1e3	450	115200	3.9150
r3_110m	mhc4	1e-3	mhc4_lr1e3	500	128000	3.8460
r3_110m	mhc4	1e-3	mhc4_lr1e3	550	140800	3.8045
r3_110m	mhc4	1e-3	mhc4_lr1e3	600	153600	3.7542
r3_110m	mhc4	1e-3	mhc4_lr1e3	650	166400	3.7083
r3_110m	mhc4	1e-3	mhc4_lr1e3	700	179200	3.6598
r3_110m	mhc4	1e-3	mhc4_lr1e3	750	192000	3.6232
r3_110m	mhc4	3e-3	mhc4_lr3e3	0	0	9.1610
r3_110m	mhc4	3e-3	mhc4_lr3e3	50	12800	5.2250
r3_110m	mhc4	3e-3	mhc4_lr3e3	100	25600	4.6733
r3_110m	mhc4	3e-3	mhc4_lr3e3	150	38400	4.5881
r3_110m	mhc4	3e-3	mhc4_lr3e3	200	51200	4.3909
r3_110m	mhc4	3e-3	mhc4_lr3e3	250	64000	4.2716
r3_110m	mhc4	3e-3	mhc4_lr3e3	300	76800	4.1279
r3_110m	mhc4	3e-3	mhc4_lr3e3	350	89600	4.0503
r3_110m	mhc4	3e-3	mhc4_lr3e3	400	102400	3.9713
r3_110m	mhc4	3e-3	mhc4_lr3e3	450	115200	3.8781
r3_110m	mhc4	3e-3	mhc4_lr3e3	500	128000	3.7421
r3_110m	mhc4	3e-3	mhc4_lr3e3	550	140800	3.6884
r3_110m	mhc4	3e-3	mhc4_lr3e3	600	153600	3.6267
r3_110m	mhc4	3e-3	mhc4_lr3e3	650	166400	3.6015
r3_110m	mhc4	3e-3	mhc4_lr3e3	700	179200	3.5124
r3_110m	mhc4	3e-3	mhc4_lr3e3	750	192000	3.4558
r3_110m	muon	1e-2	muon_lr1e2	0	0	9.1603
r3_110m	muon	1e-2	muon_lr1e2	50	12800	7.2302
r3_110m	muon	1e-2	muon_lr1e2	100	25600	5.6230
r3_110m	muon	1e-2	muon_lr1e2	150	38400	5.2612
r3_110m	muon	1e-2	muon_lr1e2	200	51200	4.9658
r3_110m	muon	1e-2	muon_lr1e2	250	64000	4.6785
r3_110m	muon	1e-2	muon_lr1e2	300	76800	4.5220
r3_110m	muon	1e-2	muon_lr1e2	350	89600	4.3832
r3_110m	muon	1e-2	muon_lr1e2	400	102400	4.3612
r3_110m	muon	1e-2	muon_lr1e2	450	115200	4.1412
r3_110m	muon	1e-2	muon_lr1e2	500	128000	4.0598
r3_110m	muon	1e-2	muon_lr1e2	550	140800	4.0376
r3_110m	muon	1e-2	muon_lr1e2	600	153600	3.9476
r3_110m	muon	1e-2	muon_lr1e2	650	166400	3.8746
r3_110m	muon	1e-2	muon_lr1e2	700	179200	3.8063
r3_110m	muon	1e-2	muon_lr1e2	750	192000	3.7299
r3_110m	muon	1e-3	muon_lr1e3	0	0	9.1603
r3_110m	muon	1e-3	muon_lr1e3	50	12800	6.0748
r3_110m	muon	1e-3	muon_lr1e3	100	25600	5.3308
r3_110m	muon	1e-3	muon_lr1e3	150	38400	4.7648
r3_110m	muon	1e-3	muon_lr1e3	200	51200	4.4475
r3_110m	muon	1e-3	muon_lr1e3	250	64000	4.2738
r3_110m	muon	1e-3	muon_lr1e3	300	76800	4.1747
r3_110m	muon	1e-3	muon_lr1e3	350	89600	4.0926
r3_110m	muon	1e-3	muon_lr1e3	400	102400	4.0301
r3_110m	muon	1e-3	muon_lr1e3	450	115200	3.9711
r3_110m	muon	1e-3	muon_lr1e3	500	128000	3.8893
r3_110m	muon	1e-3	muon_lr1e3	550	140800	3.8541
r3_110m	muon	1e-3	muon_lr1e3	600	153600	3.8064
r3_110m	muon	1e-3	muon_lr1e3	650	166400	3.7654
r3_110m	muon	1e-3	muon_lr1e3	700	179200	3.7186
r3_110m	muon	1e-3	muon_lr1e3	750	192000	3.6748
r3_110m	muon	3e-2	muon_lr3e2	0	0	9.1603
r3_110m	muon	3e-2	muon_lr3e2	50	12800	12.2603
r3_110m	muon	3e-2	muon_lr3e2	100	25600	13.0618
r3_110m	muon	3e-2	muon_lr3e2	150	38400	8.0745
r3_110m	muon	3e-2	muon_lr3e2	200	51200	6.4119
r3_110m	muon	3e-2	muon_lr3e2	250	64000	5.7737
r3_110m	muon	3e-2	muon_lr3e2	300	76800	5.1785
r3_110m	muon	3e-2	muon_lr3e2	350	89600	5.0148
r3_110m	muon	3e-2	muon_lr3e2	400	102400	4.9411
r3_110m	muon	3e-2	muon_lr3e2	450	115200	4.7964
r3_110m	muon	3e-2	muon_lr3e2	500	128000	4.6653
r3_110m	muon	3e-2	muon_lr3e2	550	140800	4.6341
r3_110m	muon	3e-2	muon_lr3e2	600	153600	4.5791
r3_110m	muon	3e-2	muon_lr3e2	650	166400	4.5427
r3_110m	muon	3e-2	muon_lr3e2	700	179200	4.4839
r3_110m	muon	3e-2	muon_lr3e2	750	192000	4.4526
r3_110m	muon	3e-3	muon_lr3e3	0	0	9.1603
r3_110m	muon	3e-3	muon_lr3e3	50	12800	6.0028
r3_110m	muon	3e-3	muon_lr3e3	100	25600	4.9180
r3_110m	muon	3e-3	muon_lr3e3	150	38400	4.6920
r3_110m	muon	3e-3	muon_lr3e3	200	51200	4.4944
r3_110m	muon	3e-3	muon_lr3e3	250	64000	4.3167
r3_110m	muon	3e-3	muon_lr3e3	300	76800	4.2115
r3_110m	muon	3e-3	muon_lr3e3	350	89600	4.1046
r3_110m	muon	3e-3	muon_lr3e3	400	102400	4.0212
r3_110m	muon	3e-3	muon_lr3e3	450	115200	3.9153
r3_110m	muon	3e-3	muon_lr3e3	500	128000	3.7739
r3_110m	muon	3e-3	muon_lr3e3	550	140800	3.7160
r3_110m	muon	3e-3	muon_lr3e3	600	153600	3.6294
r3_110m	muon	3e-3	muon_lr3e3	650	166400	3.5916
r3_110m	muon	3e-3	muon_lr3e3	700	179200	3.5144
r3_110m	muon	3e-3	muon_lr3e3	750	192000	3.4608
r3_110m	muon	3e-4	muon_lr3e4	0	0	9.1603
r3_110m	muon	3e-4	muon_lr3e4	50	12800	7.6483
r3_110m	muon	3e-4	muon_lr3e4	100	25600	6.0164
r3_110m	muon	3e-4	muon_lr3e4	150	38400	5.7642
r3_110m	muon	3e-4	muon_lr3e4	200	51200	5.3071
r3_110m	muon	3e-4	muon_lr3e4	250	64000	4.9632
r3_110m	muon	3e-4	muon_lr3e4	300	76800	4.6985
r3_110m	muon	3e-4	muon_lr3e4	350	89600	4.5211
r3_110m	muon	3e-4	muon_lr3e4	400	102400	4.3783
r3_110m	muon	3e-4	muon_lr3e4	450	115200	4.2766
r3_110m	muon	3e-4	muon_lr3e4	500	128000	4.2038
r3_110m	muon	3e-4	muon_lr3e4	550	140800	4.1544
r3_110m	muon	3e-4	muon_lr3e4	600	153600	4.1100
r3_110m	muon	3e-4	muon_lr3e4	650	166400	4.0773
r3_110m	muon	3e-4	muon_lr3e4	700	179200	4.0449
r3_110m	muon	3e-4	muon_lr3e4	750	192000	4.0230
